description	CMC	CN	p_value	diff
1,4-dihydroxy-6-naphthoate biosynthesis I	0.0002714098133949677	0.00011161406430411911	5.138604888713765e-05	-0.0001597957490908486
pyridoxal 5'-phosphate biosynthesis I	0.0021448628837829687	0.0010497950304449478	1.752779993873316e-05	-0.0010950678533380208
pyrimidine deoxyribonucleotides de novo biosynthesis III	0.002387515117547577	0.00303775481402002	0.00010664520502652972	0.000650239696472443
pyruvate fermentation to propanoate I	0.004610275326473905	0.0022381257416241164	1.1289087004725619e-07	-0.0023721495848497884
superpathway of menaquinol-8 biosynthesis II	0.0007789491298615646	0.0003937812602828112	7.281888063265764e-05	-0.00038516786957875336
superpathway of pyridoxal 5'-phosphate biosynthesis and salvage	0.002351656384629276	0.0013163234492256167	1.0206627534741842e-05	-0.0010353329354036594
